{"cameraMode":{"drawMode":0,"name":"Shaded","section":"Shading Mode"},"sceneLighting":false,"audioPlay":false,"sceneViewState":{"m_AlwaysRefresh":false,"showFog":true,"showSkybox":false,"showFlares":true,"showImageEffects":true,"showParticleSystems":true,"showVisualEffectGraphs":true,"m_FxEnabled":true},"in2DMode":false,"pivot":{"x":1.8823453187942505,"y":1.684293270111084,"z":1.5373985767364503},"rotation":{"x":0.43657776713371279,"y":0.08346287906169892,"z":-0.04071919247508049,"w":0.8948614001274109},"size":2.380053758621216,"orthographic":false}