{"cameraMode":{"drawMode":0,"name":"Shaded","section":"Shading Mode"},"sceneLighting":true,"audioPlay":false,"sceneViewState":{"m_AlwaysRefresh":false,"showFog":true,"showSkybox":true,"showFlares":true,"showImageEffects":true,"showParticleSystems":true,"showVisualEffectGraphs":true,"m_FxEnabled":true},"in2DMode":false,"pivot":{"x":1.2798162698745728,"y":-6.269036769866943,"z":20.39533042907715},"rotation":{"x":0.2675524950027466,"y":0.018795156851410867,"z":-0.005190898198634386,"w":0.9633710384368897},"size":11.5471773147583,"orthographic":false}