{"cameraMode":{"drawMode":0,"name":"Shaded","section":"Shading Mode"},"sceneLighting":true,"audioPlay":false,"sceneViewState":{"m_AlwaysRefresh":false,"showFog":true,"showSkybox":true,"showFlares":true,"showImageEffects":true,"showParticleSystems":true,"showVisualEffectGraphs":true,"m_FxEnabled":true},"in2DMode":false,"pivot":{"x":-0.9320061802864075,"y":-1.7688922882080079,"z":1.7220971584320069},"rotation":{"x":0.35290762782096865,"y":-0.033400796353816989,"z":0.012543653137981892,"w":0.9350241422653198},"size":7.306270122528076,"orthographic":false}